{
    "files": [
      {
        "file_name": "hdfs:///user/unity/match2/digitaltaxonomy/input/A40_*_address.csv",
        "join_column": "cb_key_family",
        "stage_name": "MPS FAMILY"
      },
      {
        "file_name": "hdfs:///user/unity/match2/digitaltaxonomy/input/A67_*_cbaf_address.csv",
        "join_column": "cb_key_db_individual",
        "stage_name": "MPS INDIVIDUAL"
      },
      {
        "file_name": "hdfs:///user/unity/match2/digitaltaxonomy/input/A16_*_cbaf_utility.csv",
        "join_column": "cb_key_family",
        "stage_name": "NMR"
      },
      {
        "file_name": "hdfs:///user/unity/match2/digitaltaxonomy/input/A08_*_absm_master.csv",
        "join_column": "cb_key_db_individual",
        "stage_name": "Abs Mov"
      },
      {
        "file_name": "hdfs:///user/unity/match2/digitaltaxonomy/input/A01_*_emsf_master.csv",
        "join_column": "cb_key_db_individual",
        "stage_name": "EMSF"
      },
      {
        "file_name": "hdfs:///user/unity/match2/digitaltaxonomy/input/A44_*_cbaf_address.csv",
        "join_column": "cb_key_db_individual",
        "stage_name": "Mortascreen Plus"
      }
    ]
  }