{
    "iterations": [
        {
            "data_file_path": "hdfs:///user/unity/match2/digitaltaxonomy/input/Core_Propensities_Millitiles_UK2024_202505.txt",
            "cutoffs_file_path": "hdfs:///user/unity/match2/digitaltaxonomy/input/Core_Propensities_FlagCutoffs_20240216.txt",
            "old_prefix": "PROP",
            "delimiter": "|",
            "output_folder": "hdfs:///user/unity/match2/digitaltaxonomy/interim/Propensities_millities_flagged"
        },
        {
            "data_file_path": "hdfs:///user/unity/match2/digitaltaxonomy/input/Standard_Audiences20241108_millitiles.csv",
            "cutoffs_file_path": "hdfs:///user/unity/match2/digitaltaxonomy/input/Standard_Audiences20241108_cutoffs.csv",
            "old_prefix": "AUDE",
            "delimiter": ",",
            "output_folder": "hdfs:///user/unity/match2/digitaltaxonomy/interim/Consumer_Dynamics_Flagged"
        }
    ],
    "iterations2": [
        {
            "input_csv_path": "hdfs:///user/unity/match2/digitaltaxonomy/input/mc_hh_Lookup_*.csv",
            "flagged_parquet_path": "hdfs:///user/unity/match2/digitaltaxonomy/interim/Propensities_millities_flagged",
            "old_prefix": "PROP",
            "output_path": "hdfs:///user/unity/match2/digitaltaxonomy/interim/Propensities_millitiles_flagged_HHkey"
        },
        {
            "input_csv_path": "hdfs:///user/unity/match2/digitaltaxonomy/input/mc_hh_Lookup_*.csv",
            "flagged_parquet_path": "hdfs:///user/unity/match2/digitaltaxonomy/interim/Consumer_Dynamics_Flagged",
            "old_prefix": "AUDE",
            "output_path": "hdfs:///user/unity/match2/digitaltaxonomy/interim/ConsumerDynamics_millitiles_flagged_HHkey"
        }
    ]
}